t,qw,qx,qy,qz,err_deg,wx,wy,wz,tx,ty,tz,loop_us
102,0.969,0,0.25,0,179.09,0.01,5,0,-17.48,-42.08,-13.47,2204
117,0.959,0,0.285,0,179,-0.23,4.71,-0.07,-16.28,-39.62,-14.55,2052
133,0.948,-0.003,0.317,0,178.69,-0.49,4.39,-0.13,-15.02,-36.95,-15.5,2048
148,0.937,-0.008,0.349,0,178.13,-0.7,4.11,-0.19,-13.91,-34.62,-16.41,2044
163,0.926,-0.014,0.377,0.001,177.42,-0.91,3.83,-0.26,-12.83,-32.3,-17.03,2052
179,0.914,-0.023,0.404,0.001,176.48,-1.09,3.59,-0.33,-11.87,-30.29,-17.67,2056
194,0.903,-0.032,0.428,0.001,175.44,-1.25,3.36,-0.4,-11,-28.29,-18.03,2056
209,0.892,-0.043,0.451,0.002,174.17,-1.41,3.15,-0.47,-10.14,-26.56,-18.43,2052
225,0.88,-0.055,0.471,0.003,172.84,-1.54,2.96,-0.55,-9.38,-24.96,-18.58,2056
240,0.869,-0.067,0.492,0.003,171.4,-1.66,2.78,-0.62,-8.66,-23.37,-18.8,2052
256,0.857,-0.082,0.508,0.004,169.75,-1.77,2.62,-0.69,-8.01,-22.02,-18.79,2052
271,0.846,-0.096,0.524,0.005,168.09,-1.87,2.46,-0.76,-7.38,-20.68,-18.68,2052
286,0.835,-0.113,0.539,0.005,166.22,-1.95,2.33,-0.83,-6.84,-19.54,-18.62,2052
302,0.824,-0.129,0.552,0.006,164.38,-2.02,2.21,-0.91,-6.31,-18.5,-18.39,2052
318,0.813,-0.145,0.565,0.007,162.46,-2.09,2.09,-0.98,-5.82,-17.49,-18.2,2048
333,0.801,-0.164,0.576,0.007,160.34,-2.15,1.99,-1.05,-5.36,-16.64,-17.92,2044
349,0.789,-0.182,0.586,0.008,158.27,-2.2,1.89,-1.12,-4.94,-15.81,-17.54,2052
364,0.777,-0.201,0.596,0.008,156,-2.24,1.81,-1.19,-4.54,-15.12,-17.22,2048
379,0.766,-0.22,0.604,0.009,153.82,-2.28,1.74,-1.26,-4.18,-14.51,-16.77,2040
395,0.754,-0.239,0.612,0.009,151.58,-2.31,1.67,-1.32,-3.83,-13.92,-16.38,2036
410,0.742,-0.26,0.618,0.009,149.14,-2.34,1.61,-1.39,-3.49,-13.44,-15.94,2044
425,0.73,-0.279,0.624,0.009,146.81,-2.36,1.56,-1.45,-3.19,-12.98,-15.43,2044
441,0.716,-0.3,0.63,0.009,144.28,-2.37,1.51,-1.51,-2.89,-12.62,-14.97,2048
456,0.704,-0.321,0.634,0.008,141.87,-2.38,1.48,-1.57,-2.62,-12.3,-14.43,2048
472,0.691,-0.341,0.637,0.007,139.43,-2.39,1.44,-1.63,-2.37,-12,-13.93,2044
487,0.677,-0.362,0.64,0.007,136.8,-2.39,1.41,-1.68,-2.11,-11.77,-13.42,2048
502,0.664,-0.383,0.642,0.006,134.3,-2.38,1.38,-1.73,-1.89,-11.57,-12.85,2052
518,0.65,-0.404,0.644,0.004,131.62,-2.37,1.35,-1.78,-1.65,-11.41,-12.32,2048
533,0.636,-0.424,0.645,0.003,129.08,-2.36,1.33,-1.83,-1.45,-11.27,-11.75,2044
548,0.622,-0.446,0.645,0.001,126.37,-2.35,1.31,-1.87,-1.26,-11.17,-11.21,2044
564,0.607,-0.466,0.644,-0.001,123.81,-2.33,1.29,-1.91,-1.06,-11.09,-10.67,2048
579,0.592,-0.485,0.643,-0.003,121.24,-2.31,1.28,-1.96,-0.89,-11.03,-10.08,2044
594,0.576,-0.506,0.641,-0.005,118.5,-2.28,1.26,-1.99,-0.7,-10.99,-9.53,2052
610,0.561,-0.526,0.639,-0.008,115.93,-2.26,1.25,-2.03,-0.55,-10.95,-8.95,2056
625,0.546,-0.545,0.636,-0.011,113.36,-2.23,1.23,-2.06,-0.4,-10.94,-8.39,2060
641,0.53,-0.564,0.633,-0.014,110.63,-2.19,1.22,-2.09,-0.24,-10.94,-7.84,2052
656,0.515,-0.583,0.628,-0.017,108.07,-2.16,1.21,-2.12,-0.12,-10.93,-7.27,2056
671,0.498,-0.602,0.624,-0.02,105.36,-2.12,1.19,-2.14,0.03,-10.94,-6.7,2052
687,0.483,-0.619,0.618,-0.024,102.83,-2.08,1.18,-2.16,0.15,-10.95,-6.14,2052
702,0.467,-0.637,0.613,-0.028,100.31,-2.04,1.16,-2.18,0.25,-10.96,-5.59,2052
717,0.451,-0.654,0.606,-0.032,97.65,-2,1.15,-2.2,0.38,-10.96,-5.02,2056
733,0.435,-0.671,0.599,-0.036,95.17,-1.95,1.13,-2.21,0.48,-10.96,-4.47,2048
748,0.42,-0.686,0.592,-0.04,92.72,-1.91,1.11,-2.22,0.56,-10.96,-3.93,2044
763,0.403,-0.703,0.584,-0.045,90.13,-1.86,1.09,-2.23,0.67,-10.95,-3.37,2048
779,0.388,-0.718,0.576,-0.049,87.73,-1.82,1.07,-2.24,0.75,-10.94,-2.84,2048
794,0.373,-0.732,0.568,-0.054,85.35,-1.77,1.05,-2.25,0.82,-10.91,-2.32,2044
809,0.356,-0.747,0.558,-0.058,82.86,-1.72,1.02,-2.25,0.93,-10.88,-1.77,2044
825,0.342,-0.76,0.549,-0.063,80.54,-1.67,1,-2.25,0.98,-10.83,-1.26,2048
840,0.328,-0.773,0.539,-0.068,78.27,-1.62,0.97,-2.25,1.03,-10.77,-0.76,2040
856,0.313,-0.786,0.529,-0.072,75.87,-1.57,0.94,-2.24,1.09,-10.71,-0.22,2044
871,0.298,-0.798,0.518,-0.077,73.66,-1.52,0.92,-2.24,1.16,-10.64,0.26,2044
886,0.284,-0.809,0.508,-0.082,71.49,-1.48,0.89,-2.23,1.21,-10.53,0.73,2044
902,0.271,-0.82,0.496,-0.086,69.36,-1.43,0.85,-2.22,1.25,-10.44,1.24,2036
917,0.257,-0.831,0.485,-0.091,67.12,-1.38,0.82,-2.21,1.31,-10.33,1.69,2032
932,0.244,-0.841,0.474,-0.095,65.07,-1.33,0.79,-2.19,1.35,-10.21,2.12,2036
948,0.231,-0.85,0.462,-0.1,63.05,-1.29,0.75,-2.18,1.37,-10.06,2.55,2036
963,0.218,-0.86,0.45,-0.104,60.94,-1.24,0.72,-2.16,1.43,-9.92,3.01,2040
977,0.206,-0.869,0.438,-0.108,59.01,-1.2,0.68,-2.14,1.45,-9.76,3.41,2048
993,0.195,-0.877,0.426,-0.111,57.12,-1.15,0.65,-2.12,1.48,-9.57,3.78,2044
1008,0.183,-0.884,0.414,-0.115,55.26,-1.11,0.61,-2.1,1.5,-9.4,4.15,2044
1024,0.172,-0.892,0.401,-0.119,53.33,-1.07,0.57,-2.07,1.54,-9.21,4.55,2044
1039,0.161,-0.899,0.388,-0.122,51.57,-1.03,0.54,-2.05,1.56,-9.01,4.87,2048
1054,0.151,-0.906,0.376,-0.125,49.84,-0.99,0.5,-2.02,1.57,-8.79,5.19,2040
1070,0.141,-0.912,0.363,-0.128,48.05,-0.95,0.46,-1.99,1.59,-8.58,5.55,2040
1085,0.131,-0.918,0.351,-0.13,46.41,-0.91,0.42,-1.96,1.61,-8.36,5.83,2040
1100,0.122,-0.923,0.339,-0.133,44.81,-0.87,0.38,-1.93,1.61,-8.11,6.08,2040
1116,0.113,-0.929,0.326,-0.135,43.26,-0.84,0.35,-1.9,1.63,-7.88,6.37,2032
1131,0.104,-0.934,0.314,-0.137,41.65,-0.8,0.31,-1.86,1.65,-7.64,6.61,2032
1146,0.096,-0.938,0.302,-0.138,40.18,-0.77,0.28,-1.83,1.66,-7.39,6.79,2032
1162,0.088,-0.943,0.29,-0.14,38.75,-0.74,0.24,-1.79,1.66,-7.13,6.99,2040
1177,0.081,-0.947,0.278,-0.141,37.27,-0.71,0.2,-1.76,1.66,-6.88,7.22,2044
1191,0.073,-0.951,0.266,-0.142,35.93,-0.68,0.17,-1.72,1.68,-6.62,7.38,2044
1207,0.066,-0.954,0.255,-0.143,34.63,-0.65,0.14,-1.68,1.67,-6.35,7.49,2048
1222,0.06,-0.957,0.243,-0.143,33.36,-0.62,0.1,-1.64,1.67,-6.09,7.66,2044
1238,0.053,-0.961,0.232,-0.143,32.06,-0.59,0.07,-1.6,1.68,-5.84,7.77,2044
1253,0.047,-0.964,0.221,-0.143,30.88,-0.56,0.04,-1.56,1.67,-5.58,7.83,2044
1268,0.041,-0.966,0.21,-0.143,29.74,-0.54,0.01,-1.52,1.66,-5.31,7.9,2044
1284,0.036,-0.969,0.199,-0.143,28.56,-0.51,-0.02,-1.48,1.66,-5.05,8,2052
1299,0.031,-0.971,0.189,-0.142,27.5,-0.49,-0.04,-1.44,1.65,-4.8,8.04,2044
1314,0.026,-0.973,0.179,-0.141,26.48,-0.46,-0.07,-1.4,1.64,-4.54,8.04,2048
1330,0.021,-0.975,0.169,-0.14,25.49,-0.44,-0.1,-1.36,1.62,-4.29,8.09,2040
1345,0.016,-0.977,0.16,-0.139,24.48,-0.42,-0.12,-1.32,1.62,-4.05,8.09,2044
1360,0.012,-0.979,0.151,-0.138,23.56,-0.4,-0.14,-1.28,1.6,-3.81,8.04,2040
1376,0.008,-0.98,0.142,-0.136,22.69,-0.37,-0.17,-1.24,1.58,-3.56,8.02,2048
1391,0.004,-0.982,0.133,-0.135,21.79,-0.35,-0.19,-1.2,1.56,-3.32,8.01,2048
1405,0.001,-0.983,0.124,-0.133,20.98,-0.33,-0.21,-1.16,1.54,-3.1,7.96,2048
1421,-0.003,-0.985,0.116,-0.131,20.21,-0.31,-0.22,-1.12,1.52,-2.87,7.86,2044
1436,-0.006,-0.986,0.108,-0.129,19.46,-0.29,-0.24,-1.08,1.49,-2.65,7.82,2040
1452,-0.009,-0.987,0.1,-0.127,18.71,-0.28,-0.26,-1.04,1.47,-2.44,7.74,2040
1467,-0.012,-0.988,0.093,-0.124,18.03,-0.26,-0.27,-1,1.44,-2.22,7.61,2044
1482,-0.014,-0.989,0.086,-0.122,17.38,-0.24,-0.28,-0.96,1.41,-2.03,7.52,2040
1498,-0.017,-0.99,0.079,-0.12,16.73,-0.22,-0.3,-0.92,1.38,-1.84,7.43,2048
1513,-0.019,-0.99,0.072,-0.117,16.14,-0.2,-0.31,-0.89,1.35,-1.65,7.32,2044
1528,-0.021,-0.991,0.066,-0.115,15.58,-0.19,-0.32,-0.85,1.32,-1.47,7.16,2040
1544,-0.023,-0.992,0.06,-0.112,15.04,-0.17,-0.33,-0.81,1.29,-1.29,7.06,2040
1559,-0.025,-0.992,0.054,-0.109,14.5,-0.16,-0.34,-0.78,1.26,-1.13,6.92,2036
1574,-0.026,-0.993,0.049,-0.106,14.02,-0.14,-0.34,-0.74,1.22,-0.97,6.75,2036
1590,-0.028,-0.993,0.043,-0.103,13.56,-0.13,-0.35,-0.71,1.18,-0.81,6.61,2044
1605,-0.029,-0.994,0.038,-0.101,13.09,-0.11,-0.35,-0.67,1.15,-0.66,6.48,2044
1619,-0.03,-0.994,0.033,-0.098,12.67,-0.1,-0.36,-0.64,1.11,-0.53,6.33,2048
1635,-0.031,-0.995,0.029,-0.095,12.28,-0.08,-0.36,-0.61,1.07,-0.39,6.15,2048
1650,-0.032,-0.995,0.024,-0.092,11.9,-0.07,-0.36,-0.58,1.03,-0.26,6.01,2044
1666,-0.033,-0.995,0.02,-0.089,11.52,-0.06,-0.36,-0.55,0.99,-0.15,5.85,2040
1681,-0.034,-0.996,0.016,-0.086,11.18,-0.05,-0.37,-0.52,0.96,-0.04,5.66,2052
1696,-0.034,-0.996,0.013,-0.083,10.86,-0.03,-0.37,-0.49,0.91,0.07,5.5,2044
1712,-0.035,-0.996,0.009,-0.08,10.53,-0.02,-0.36,-0.46,0.88,0.17,5.35,2044
1727,-0.035,-0.996,0.006,-0.077,10.23,-0.01,-0.36,-0.43,0.84,0.27,5.18,2036
1742,-0.035,-0.997,0.003,-0.075,9.95,0,-0.36,-0.41,0.8,0.35,5,2044
1758,-0.036,-0.997,0,-0.072,9.68,0.01,-0.36,-0.38,0.76,0.43,4.83,2048
1772,-0.036,-0.997,-0.003,-0.069,9.42,0.02,-0.36,-0.36,0.72,0.51,4.68,2052
1787,-0.036,-0.997,-0.005,-0.066,9.16,0.03,-0.35,-0.33,0.68,0.58,4.52,2044
1803,-0.036,-0.997,-0.008,-0.063,8.92,0.04,-0.35,-0.31,0.65,0.64,4.36,2044
1818,-0.036,-0.997,-0.01,-0.061,8.69,0.04,-0.34,-0.29,0.61,0.7,4.18,2044
1833,-0.035,-0.998,-0.012,-0.058,8.47,0.05,-0.34,-0.27,0.57,0.75,4.02,2040
1849,-0.035,-0.998,-0.014,-0.055,8.26,0.06,-0.33,-0.25,0.53,0.81,3.87,2036
1864,-0.035,-0.998,-0.016,-0.053,8.04,0.07,-0.33,-0.23,0.5,0.85,3.71,2048
1879,-0.034,-0.998,-0.017,-0.05,7.84,0.07,-0.32,-0.21,0.46,0.89,3.56,2044
1894,-0.034,-0.998,-0.019,-0.048,7.64,0.08,-0.31,-0.19,0.43,0.92,3.39,2044
1909,-0.033,-0.998,-0.02,-0.045,7.46,0.09,-0.31,-0.17,0.4,0.96,3.25,2044
1925,-0.033,-0.998,-0.021,-0.043,7.27,0.09,-0.3,-0.15,0.36,0.98,3.11,2040
1940,-0.032,-0.998,-0.022,-0.041,7.08,0.1,-0.29,-0.14,0.33,1,2.96,2048
1955,-0.031,-0.998,-0.023,-0.039,6.91,0.1,-0.29,-0.12,0.3,1.02,2.82,2044
1970,-0.031,-0.999,-0.024,-0.036,6.74,0.1,-0.28,-0.11,0.27,1.03,2.68,2044
1985,-0.03,-0.999,-0.025,-0.034,6.57,0.11,-0.27,-0.09,0.24,1.05,2.54,2044
2000,-0.029,-0.999,-0.025,-0.032,6.37,0.11,-0.26,-0.08,0.21,1.06,2.42,2044
2016,-0.028,-0.999,-0.026,-0.03,6.24,0.11,-0.25,-0.07,0.19,1.06,2.29,2048
2031,-0.028,-0.999,-0.026,-0.028,6.08,0.12,-0.25,-0.06,0.16,1.07,2.16,2044
2046,-0.027,-0.999,-0.027,-0.026,5.92,0.12,-0.24,-0.05,0.14,1.06,2.04,2040
2062,-0.026,-0.999,-0.027,-0.024,5.77,0.12,-0.23,-0.04,0.11,1.07,1.92,2048
2076,-0.025,-0.999,-0.027,-0.023,5.61,0.12,-0.22,-0.03,0.09,1.06,1.81,2056
2092,-0.024,-0.999,-0.027,-0.021,5.46,0.12,-0.21,-0.02,0.07,1.05,1.7,2048
2107,-0.023,-0.999,-0.027,-0.019,5.32,0.13,-0.21,-0.01,0.05,1.05,1.59,2048
2122,-0.022,-0.999,-0.027,-0.018,5.18,0.13,-0.2,0,0.03,1.03,1.48,2044
2138,-0.021,-0.999,-0.027,-0.016,5.03,0.13,-0.19,0.01,0.01,1.02,1.39,2040
2153,-0.021,-0.999,-0.027,-0.015,4.9,0.13,-0.18,0.02,-0.01,1.01,1.29,2048
2167,-0.02,-0.999,-0.027,-0.014,4.75,0.13,-0.18,0.02,-0.02,0.99,1.2,2044
2183,-0.019,-0.999,-0.027,-0.012,4.62,0.13,-0.17,0.03,-0.04,0.98,1.11,2044
2198,-0.018,-0.999,-0.027,-0.011,4.48,0.13,-0.16,0.03,-0.05,0.96,1.02,2052
2213,-0.017,-0.999,-0.026,-0.01,4.36,0.13,-0.15,0.04,-0.07,0.94,0.94,2044
2229,-0.016,-0.999,-0.026,-0.009,4.23,0.12,-0.15,0.04,-0.08,0.92,0.86,2040
2244,-0.015,-1,-0.026,-0.007,4.09,0.12,-0.14,0.05,-0.09,0.9,0.78,2036
2258,-0.014,-1,-0.025,-0.006,3.97,0.12,-0.13,0.05,-0.1,0.88,0.71,2044
2274,-0.013,-1,-0.025,-0.005,3.85,0.12,-0.12,0.06,-0.11,0.86,0.64,2048
2289,-0.012,-1,-0.024,-0.005,3.73,0.12,-0.12,0.06,-0.12,0.83,0.57,2044
2305,-0.011,-1,-0.024,-0.004,3.61,0.12,-0.11,0.06,-0.13,0.81,0.51,2044
2320,-0.01,-1,-0.023,-0.003,3.49,0.12,-0.11,0.07,-0.14,0.79,0.45,2036
2335,-0.01,-1,-0.023,-0.002,3.38,0.11,-0.1,0.07,-0.15,0.77,0.39,2040
2350,-0.009,-1,-0.022,-0.001,3.27,0.11,-0.09,0.07,-0.15,0.75,0.34,2044
2365,-0.008,-1,-0.022,-0.001,3.16,0.11,-0.09,0.07,-0.16,0.72,0.28,2048
2380,-0.007,-1,-0.021,0,3.05,0.11,-0.08,0.07,-0.16,0.7,0.24,2048
2396,-0.006,-1,-0.021,0.001,2.95,0.1,-0.08,0.07,-0.17,0.67,0.19,2048
2411,-0.006,-1,-0.02,0.001,2.84,0.1,-0.07,0.08,-0.17,0.65,0.15,2044
2426,-0.005,-1,-0.02,0.002,2.74,0.1,-0.07,0.08,-0.17,0.63,0.1,2048
2441,-0.004,-1,-0.019,0.002,2.65,0.1,-0.06,0.08,-0.18,0.6,0.07,2056
2456,-0.003,-1,-0.018,0.003,2.55,0.09,-0.06,0.08,-0.18,0.58,0.03,2056
2471,-0.003,-1,-0.018,0.003,2.46,0.09,-0.05,0.08,-0.18,0.56,0,2052
2487,-0.002,-1,-0.017,0.004,2.37,0.09,-0.05,0.08,-0.18,0.53,-0.04,2044
2502,-0.001,-1,-0.017,0.004,2.28,0.09,-0.04,0.08,-0.18,0.51,-0.07,2052
2516,-0.001,-1,-0.016,0.004,2.19,0.08,-0.04,0.08,-0.18,0.49,-0.1,2056
2532,0,-1,-0.016,0.005,2.11,0.08,-0.04,0.08,-0.18,0.47,-0.12,2048
2547,0,-1,-0.015,0.005,2.03,0.08,-0.03,0.08,-0.18,0.45,-0.14,2048
2563,0.001,-1,-0.014,0.005,1.95,0.08,-0.03,0.07,-0.18,0.43,-0.17,2040
2578,0.002,-1,-0.014,0.005,1.87,0.07,-0.03,0.07,-0.18,0.41,-0.19,2044
2592,0.002,-1,-0.013,0.005,1.8,0.07,-0.02,0.07,-0.18,0.39,-0.21,2048
2608,0.003,-1,-0.013,0.006,1.74,0.07,-0.02,0.07,-0.18,0.37,-0.22,2048
2623,0.003,-1,-0.012,0.006,1.67,0.07,-0.02,0.07,-0.17,0.35,-0.24,2052
2638,0.004,-1,-0.012,0.006,1.61,0.06,-0.01,0.07,-0.17,0.33,-0.25,2044
2654,0.004,-1,-0.011,0.006,1.55,0.06,-0.01,0.07,-0.17,0.31,-0.26,2044
2668,0.005,-1,-0.011,0.006,1.49,0.06,-0.01,0.07,-0.16,0.29,-0.28,2052
2683,0.005,-1,-0.01,0.006,1.42,0.05,-0.01,0.07,-0.16,0.28,-0.29,2048
2699,0.005,-1,-0.01,0.006,1.36,0.05,0,0.06,-0.16,0.26,-0.29,2048
2714,0.006,-1,-0.009,0.006,1.3,0.05,0,0.06,-0.16,0.24,-0.3,2044
2729,0.006,-1,-0.009,0.006,1.24,0.05,0,0.06,-0.15,0.23,-0.31,2048
2744,0.006,-1,-0.008,0.006,1.19,0.05,0,0.06,-0.15,0.21,-0.31,2052
2759,0.007,-1,-0.008,0.006,1.14,0.04,0,0.06,-0.15,0.2,-0.32,2052
2775,0.007,-1,-0.007,0.006,1.09,0.04,0,0.06,-0.14,0.18,-0.32,2052
2790,0.007,-1,-0.007,0.006,1.04,0.04,0.01,0.05,-0.14,0.17,-0.32,2052
2805,0.008,-1,-0.006,0.006,1.02,0.04,0.01,0.05,-0.13,0.16,-0.33,2056
2820,0.008,-1,-0.006,0.006,0.98,0.03,0.01,0.05,-0.13,0.14,-0.33,2052
2835,0.008,-1,-0.006,0.006,0.94,0.03,0.01,0.05,-0.13,0.13,-0.33,2056
2850,0.008,-1,-0.005,0.006,0.9,0.03,0.01,0.05,-0.12,0.12,-0.32,2056
2866,0.009,-1,-0.005,0.006,0.86,0.03,0.01,0.05,-0.12,0.11,-0.32,2056
2881,0.009,-1,-0.005,0.006,0.82,0.03,0.01,0.05,-0.12,0.1,-0.32,2060
2895,0.009,-1,-0.004,0.006,0.77,0.03,0.01,0.04,-0.11,0.09,-0.32,2056
2911,0.009,-1,-0.004,0.006,0.78,0.02,0.01,0.04,-0.11,0.08,-0.32,2052
2926,0.009,-1,-0.004,0.005,0.75,0.02,0.01,0.04,-0.1,0.07,-0.31,2044
2941,0.01,-1,-0.003,0.005,0.73,0.02,0.02,0.04,-0.1,0.06,-0.31,2044
2956,0.01,-1,-0.003,0.005,0.71,0.02,0.02,0.04,-0.1,0.05,-0.3,2056
2971,0.01,-1,-0.003,0.005,0.67,0.02,0.02,0.04,-0.09,0.05,-0.3,2048
2987,0.01,-1,-0.002,0.005,0.63,0.02,0.02,0.03,-0.09,0.04,-0.3,2048
3002,0.01,-1,-0.002,0.005,0.63,0.01,0.02,0.03,-0.08,0.03,-0.29,2044
3016,0.01,-1,-0.002,0.005,0.59,0.01,0.02,0.03,-0.08,0.02,-0.29,2048
3032,0.01,-1,-0.002,0.005,0.56,0.01,0.02,0.03,-0.08,0.02,-0.28,2044
3047,0.01,-1,-0.002,0.004,0.54,0.01,0.02,0.03,-0.07,0.01,-0.27,2048
3062,0.01,-1,-0.001,0.004,0.53,0.01,0.02,0.03,-0.07,0.01,-0.27,2044
3078,0.011,-1,-0.001,0.004,0.51,0.01,0.02,0.03,-0.07,0,-0.26,2052
3092,0.011,-1,-0.001,0.004,0.5,0.01,0.02,0.02,-0.06,0,-0.25,2048
3107,0.011,-1,-0.001,0.004,0.5,0.01,0.02,0.02,-0.06,-0.01,-0.25,2048
3123,0.011,-1,-0.001,0.004,0.49,0.01,0.02,0.02,-0.06,-0.01,-0.24,2052
3138,0.011,-1,0,0.004,0.46,0,0.02,0.02,-0.05,-0.02,-0.23,2040
3152,0.011,-1,0,0.003,0.42,0,0.02,0.02,-0.05,-0.02,-0.23,2056
3168,0.011,-1,0,0.003,0.4,0,0.02,0.02,-0.05,-0.02,-0.22,2052
3183,0.011,-1,0,0.003,0.39,0,0.02,0.02,-0.05,-0.03,-0.21,2052
3198,0.011,-1,0,0.003,0.39,0,0.02,0.02,-0.04,-0.03,-0.21,2052
3213,0.011,-1,0,0.003,0.42,0,0.02,0.01,-0.04,-0.03,-0.2,2052
3228,0.011,-1,0,0.003,0.42,0,0.02,0.01,-0.04,-0.04,-0.19,2052
3244,0.011,-1,0,0.003,0.42,0,0.02,0.01,-0.04,-0.04,-0.19,2048
3259,0.011,-1,0.001,0.003,0.43,0,0.02,0.01,-0.03,-0.04,-0.18,2044
3274,0.011,-1,0.001,0.003,0.43,0,0.02,0.01,-0.03,-0.04,-0.17,2052
3289,0.011,-1,0.001,0.002,0.43,0,0.02,0.01,-0.03,-0.04,-0.17,2044
3304,0.011,-1,0.001,0.002,0.36,0,0.01,0.01,-0.03,-0.04,-0.16,2052
3319,0.011,-1,0.001,0.002,0.37,0,0.01,0.01,-0.02,-0.05,-0.15,2044
3335,0.011,-1,0.001,0.002,0.38,0,0.01,0.01,-0.02,-0.05,-0.15,2052
3349,0.011,-1,0.001,0.002,0.38,0,0.01,0.01,-0.02,-0.05,-0.14,2048
3364,0.011,-1,0.001,0.002,0.39,0,0.01,0.01,-0.02,-0.05,-0.13,2048
3380,0.011,-1,0.001,0.002,0.4,0,0.01,0.01,-0.02,-0.05,-0.13,2052
3395,0.011,-1,0.001,0.002,0.41,0,0.01,0,-0.02,-0.05,-0.12,2048
3409,0.011,-1,0.001,0.002,0.32,0,0.01,0,-0.01,-0.05,-0.12,2052
3425,0.011,-1,0.001,0.001,0.33,0,0.01,0,-0.01,-0.05,-0.11,2052
3440,0.01,-1,0.001,0.001,0.34,0,0.01,0,-0.01,-0.05,-0.1,2052
3456,0.01,-1,0.001,0.001,0.35,-0.01,0.01,0,-0.01,-0.05,-0.1,2048
3471,0.01,-1,0.001,0.001,0.37,-0.01,0.01,0,-0.01,-0.05,-0.09,2064
3485,0.01,-1,0.001,0.001,0.38,-0.01,0.01,0,-0.01,-0.05,-0.09,2052
3501,0.01,-1,0.001,0.001,0.39,-0.01,0.01,0,-0.01,-0.05,-0.08,2052
3516,0.01,-1,0.001,0.001,0.28,-0.01,0.01,0,0,-0.05,-0.08,2044
3531,0.01,-1,0.001,0.001,0.3,-0.01,0.01,0,0,-0.05,-0.07,2056
3546,0.01,-1,0.001,0.001,0.31,-0.01,0.01,0,0,-0.05,-0.07,2052
3561,0.01,-1,0.001,0.001,0.33,-0.01,0.01,0,0,-0.05,-0.06,2052
3576,0.01,-1,0.001,0.001,0.34,-0.01,0.01,0,0,-0.05,-0.06,2044
3592,0.01,-1,0.001,0.001,0.36,-0.01,0.01,0,0,-0.05,-0.06,2052
3606,0.01,-1,0.001,0.001,0.23,-0.01,0.01,0,0,-0.04,-0.05,2052
3621,0.01,-1,0.001,0.001,0.25,-0.01,0.01,0,0,-0.04,-0.05,2048
3637,0.01,-1,0.001,0,0.27,-0.01,0.01,0,0,-0.04,-0.04,2044
3652,0.01,-1,0.001,0,0.29,-0.01,0.01,0,0,-0.04,-0.04,2056
3666,0.01,-1,0.001,0,0.3,-0.01,0.01,0,0,-0.04,-0.04,2048
3682,0.01,-1,0.001,0,0.32,-0.01,0.01,0,0,-0.04,-0.03,2052
3697,0.01,-1,0.001,0,0.33,-0.01,0.01,0,0,-0.04,-0.03,2044
3712,0.01,-1,0.001,0,0.2,-0.01,0.01,0,0.01,-0.04,-0.03,2052
3727,0.01,-1,0.001,0,0.22,-0.01,0.01,0,0.01,-0.04,-0.02,2052
3742,0.01,-1,0.001,0,0.24,-0.01,0,0,0.01,-0.04,-0.02,2052
3758,0.01,-1,0.001,0,0.26,-0.01,0,0,0.01,-0.04,-0.02,2044
3772,0.01,-1,0.001,0,0.28,-0.01,0,0,0.01,-0.03,-0.02,2052
3787,0.01,-1,0.001,0,0.29,-0.01,0,0,0.01,-0.03,-0.01,2052
3803,0.009,-1,0.001,0,0.15,0,0,0,0.01,-0.03,-0.01,2052
3818,0.009,-1,0.001,0,0.18,0,0,0,0.01,-0.03,-0.01,2048
3832,0.009,-1,0.001,0,0.2,0,0,0,0.01,-0.03,-0.01,2056
3848,0.009,-1,0.001,0,0.22,0,0,0,0.01,-0.03,-0.01,2056
3863,0.009,-1,0.001,0,0.23,0,0,0,0.01,-0.03,0,2044
3878,0.009,-1,0.001,0,0.25,0,0,0,0.01,-0.03,0,2048
3893,0.009,-1,0.001,0,0.27,0,0,0,0.01,-0.03,0,2052
3908,0.009,-1,0.001,0,0.13,0,0,0,0.01,-0.03,0,2056
3923,0.009,-1,0.001,0,0.15,0,0,0,0.01,-0.02,0,2048
3939,0.009,-1,0.001,0,0.18,0,0,0,0.01,-0.02,0,2056
3953,0.009,-1,0.001,0,0.19,0,0,0,0.01,-0.02,0,2052
3969,0.009,-1,0.001,0,0.21,0,0,0,0.01,-0.02,0.01,2052
3984,0.009,-1,0.001,0,0.22,0,0,0,0.01,-0.02,0.01,2044
3998,0.009,-1,0.001,0,0.24,0,0,0,0.01,-0.02,0.01,2052
4014,0.009,-1,0.001,0,0.11,0,0,0,0.01,-0.02,0.01,2056
4029,0.009,-1,0.001,0,0.13,0,0,0,0.01,-0.02,0.01,2044
4044,0.009,-1,0.001,0,0.15,0,0,0,0.01,-0.02,0.01,2052
4059,0.009,-1,0.001,0,0.17,0,0,0,0.01,-0.02,0.01,2056
4074,0.009,-1,0.001,0,0.18,0,0,0,0.01,-0.02,0.01,2052
4089,0.009,-1,0.001,0,0.19,0,0,0,0.01,-0.01,0.01,2048
4105,0.009,-1,0,0,0.07,0,0,0,0.01,-0.01,0.01,2056
4119,0.009,-1,0,0,0.1,0,0,0,0.01,-0.01,0.01,2056
4134,0.009,-1,0,0,0.12,0,0,0,0.01,-0.01,0.01,2056
4150,0.009,-1,0,0,0.13,0,0,0,0.01,-0.01,0.01,2060
4164,0.009,-1,0,0,0.15,0,0,0,0.01,-0.01,0.01,2052
4179,0.009,-1,0,0,0.16,0,0,0,0.01,-0.01,0.01,2056
4195,0.009,-1,0,0,0.17,0,0,0,0.01,-0.01,0.01,2060
4210,0.009,-1,0,0,0.06,0,0,0,0.01,-0.01,0.01,2056
4225,0.009,-1,0,0,0.08,0,0,0,0.01,-0.01,0.02,2052
4240,0.009,-1,0,0,0.1,0,0,0,0.01,-0.01,0.02,2060
4255,0.009,-1,0,0,0.11,0,0,0,0.01,-0.01,0.02,2052
4271,0.009,-1,0,0,0.13,0,0,0,0.01,-0.01,0.02,2056
4285,0.009,-1,0,0,0.13,0,0,0,0.01,-0.01,0.02,2056
4300,0.009,-1,0,0,0.14,0,0,0,0.01,-0.01,0.02,2056
4316,0.009,-1,0,0,0.06,0,0,0,0.01,0,0.01,2052
4331,0.009,-1,0,0,0.07,0,0,0,0.01,0,0.01,2068
4345,0.009,-1,0,0,0.09,0,0,0,0,0,0.01,2064
4361,0.009,-1,0,0,0.1,0,0,0,0,0,0.01,2056
4376,0.009,-1,0,0,0.1,0,0,0,0,0,0.01,2052
4390,0.009,-1,0,0,0.11,0,0,0,0,0,0.01,2056
4406,0.009,-1,0,0,0.04,0,0,0,0,0,0.01,2060
4421,0.009,-1,0,0,0.06,0,0,0,0,0,0.01,2052
4436,0.009,-1,0,0,0.06,0,0,0,0,0,0.01,2060
4451,0.009,-1,0,0,0.07,0,0,0,0,0,0.01,2056
4466,0.009,-1,0,0,0.08,0,0,0,0,0,0.01,2052
4482,0.009,-1,0,0,0.08,0,0,0,0,0,0.01,2048
4496,0.009,-1,0,0,0.09,0,0,0,0,0,0.01,2056
4511,0.009,-1,0,0,0.04,0,0,0,0,0,0.01,2060
4527,0.009,-1,0,0,0.06,0,0,0,0,0,0.01,2052
4542,0.009,-1,0,0,0.06,0,0,0,0,0,0.01,2068
4556,0.009,-1,0,0,0.06,0,0,0,0,0,0.01,2052
4572,0.009,-1,0,0,0.07,0,0,0,0,0,0.01,2048
4587,0.009,-1,0,0,0.07,0,0,0,0,0,0.01,2056
4601,0.009,-1,0,0,0,0,0,0,0,0,0.01,2016
4617,0.009,-1,0,0,0,0,0,0,0,0,0.01,2016
4632,0.009,-1,0,0,0,0,0,0,0,0,0.01,2020
4646,0.009,-1,0,0,0,0,0,0,0,0,0.01,2016
4662,0.009,-1,0,0,0,0,0,0,0,0,0.01,2004
4677,0.009,-1,0,0,0,0,0,0,0,0,0.01,2020
4691,0.009,-1,0,0,0,0,0,0,0,0,0.01,2012
4707,0.009,-1,0,0,0,0,0,0,0,0,0.01,2008
4721,0.009,-1,0,0,0,0,0,0,0,0,0.01,2012
4737,0.009,-1,0,0,0,0,0,0,0,0,0.01,2012
4752,0.009,-1,0,0,0,0,0,0,0,0,0.01,2004
4766,0.009,-1,0,0,0,0,0,0,0,0,0.01,2016
4782,0.009,-1,0,0,0,0,0,0,0,0,0.01,2012
4797,0.009,-1,0,0,0,0,0,0,0,0,0.01,2008
4811,0.009,-1,0,0,0,0,0,0,0,0,0.01,2012
4827,0.009,-1,0,0,0,0,0,0,0,0,0.01,2012
4842,0.009,-1,0,0,0,0,0,0,0,0,0.01,2000
4856,0.009,-1,0,0,0,0,0,0,0,0,0.01,2008
4872,0.009,-1,0,0,0,0,0,0,0,0,0,2000
4887,0.009,-1,0,0,0,0,0,0,0,0,0,2008
4901,0.009,-1,0,0,0,0,0,0,0,0,0,2016
4917,0.009,-1,0,0,0,0,0,0,0,0,0,2012
4931,0.009,-1,0,0,0,0,0,0,0,0,0,2020
4946,0.009,-1,0,0,0,0,0,0,0,0,0,2012
4962,0.009,-1,0,0,0,0,0,0,0,0,0,2004
4976,0.009,-1,0,0,0,0,0,0,0,0,0,2016
4992,0.009,-1,0,0,0,0,0,0,0,0,0,2012
5007,0.009,-1,0,0,0,0,0,0,0,0,0,2012
5021,0.009,-1,0,0,0,0,0,0,0,0,0,2012
5037,0.009,-1,0,0,0,0,0,0,0,0,0,2016
5052,0.009,-1,0,0,0,0,0,0,0,0,0,2008
5066,0.009,-1,0,0,0,0,0,0,0,0,0,2012
5082,0.009,-1,0,0,0,0,0,0,0,0,0,2004
5097,0.009,-1,0,0,0,0,0,0,0,0,0,2012
5111,0.009,-1,0,0,0,0,0,0,0,0,0,2012
5127,0.009,-1,0,0,0,0,0,0,0,0,0,2012
5141,0.009,-1,0,0,0,0,0,0,0,0,0,2012
5156,0.009,-1,0,0,0,0,0,0,0,0,0,2020
5172,0.009,-1,0,0,0,0,0,0,0,0,0,2004
5186,0.009,-1,0,0,0,0,0,0,0,0,0,2012
5201,0.009,-1,0,0,0,0,0,0,0,0,0,2012
5217,0.009,-1,0,0,0,0,0,0,0,0,0,2008
5231,0.009,-1,0,0,0,0,0,0,0,0,0,2016
5246,0.009,-1,0,0,0,0,0,0,0,0,0,2016
5262,0.009,-1,0,0,0,0,0,0,0,0,0,2012
5276,0.009,-1,0,0,0,0,0,0,0,0,0,2008
5292,0.009,-1,0,0,0,0,0,0,0,0,0,2004
5306,0.009,-1,0,0,0,0,0,0,0,0,0,2012
5321,0.009,-1,0,0,0,0,0,0,0,0,0,2016
5337,0.009,-1,0,0,0,0,0,0,0,0,0,2008
5351,0.009,-1,0,0,0,0,0,0,0,0,0,2016
5366,0.009,-1,0,0,0,0,0,0,0,0,0,2016
5382,0.009,-1,0,0,0,0,0,0,0,0,0,2012
5396,0.009,-1,0,0,0,0,0,0,0,0,0,2016
5411,0.009,-1,0,0,0,0,0,0,0,0,0,2012
5427,0.009,-1,0,0,0,0,0,0,0,0,0,2004
5441,0.009,-1,0,0,0,0,0,0,0,0,0,2008
5456,0.009,-1,0,0,0,0,0,0,0,0,0,2008
5472,0.009,-1,0,0,0,0,0,0,0,0,0,2008
5486,0.009,-1,0,0,0,0,0,0,0,0,0,2012
5501,0.009,-1,0,0,0,0,0,0,0,0,0,2008
5517,0.009,-1,0,0,0,0,0,0,0,0,0,2020
5531,0.009,-1,0,0,0,0,0,0,0,0,0,2016
5547,0.009,-1,0,0,0,0,0,0,0,0,0,2004
5561,0.009,-1,0,0,0,0,0,0,0,0,0,2012
5576,0.009,-1,0,0,0,0,0,0,0,0,0,2012
5592,0.009,-1,0,0,0,0,0,0,0,0,0,2012
5606,0.009,-1,0,0,0,0,0,0,0,0,0,2020
5621,0.009,-1,0,0,0,0,0,0,0,0,0,2016
5637,0.009,-1,0,0,0,0,0,0,0,0,0,2004
5651,0.009,-1,0,0,0,0,0,0,0,0,0,2012
5666,0.009,-1,0,0,0,0,0,0,0,0,0,2012
5682,0.009,-1,0,0,0,0,0,0,0,0,0,2008
5696,0.009,-1,0,0,0,0,0,0,0,0,0,2012
5711,0.009,-1,0,0,0,0,0,0,0,0,0,2012
5727,0.009,-1,0,0,0,0,0,0,0,0,0,2024